{
    "name": "Player",
    "positionX": 467.91339111328125,
    "positionY": 352.76910400390625
}