{
    "name": "Player",
    "positionX": 565.5565185546875,
    "positionY": 318.45074462890625
}