{
    "name": "Player",
    "positionX": 445.69769287109375,
    "positionY": 350.0009765625
}