{
    "name": "Player",
    "positionX": 582.4368896484375,
    "positionY": 369.997314453125
}