{
    "name": "Player",
    "positionX": 542.683837890625,
    "positionY": 349.59930419921875
}