{
    "name": "Player",
    "positionX": 437.8377685546875,
    "positionY": 369.0761413574219
}